step,train_loss,epoch
49,-0.8346721529960632,0
99,-2.5661814212799072,1
149,-2.3281350135803223,2
199,-2.234658718109131,3
