train_loss,step,epoch
-0.9898194670677185,49,0
-2.359708309173584,99,1
