step,epoch,train_loss
49,0,-0.32497790455818176
99,1,-1.25455904006958
